Attraction Name,City / Town,Province,Category,Season,Estimated Crowd Level,Family Friendly (Y/N),Estimated Cost,Transit Accessible (Y/N),Parking Available (Y/N),Latitude,Longitude,Weather Sensitivity,Average Visit Duration,Best Visit Time,Notes,Data Source,Last Updated,address area  
Banff Gondola,Banff,AB,Landmark,All Season,High,Y,High,Y,Y,N/A,N/A,Low,2 Hours,Morning,Banff gondola attraction,Travel Alberta,2026-06,
Bow Falls,Banff,AB,Waterfall,Summer,Medium,Y,Free,Y,Y,N/A,N/A,Low,1 Hour,Morning,Alberta tourism attraction,Travel Alberta,2026-05,
Bow Lake,Banff,AB,Lake,Summer,Low,Y,Free,N,Y,N/A,N/A,Low,1-2 Hours,Morning,Alberta tourism attraction,Travel Alberta,2026-05,
Cave and Basin,Banff,AB,Historical Site,All Season,Medium,Y,Medium,Y,Y,N/A,N/A,Low,2 Hours,Morning,Historic Banff site,Parks Canada,2026-06,
Johnston Canyon,Banff,AB,Hiking,Summer,Medium,Y,Low,Y,Y,N/A,N/A,Low,2-3 Hours,Morning,Alberta tourism attraction,Parks Canada,2026-05,
Lake Minnewanka,Banff,AB,Lake,Summer,Medium,Y,Free,Y,Y,N/A,N/A,Low,2-3 Hours,Morning,Popular Banff lake,Parks Canada,2026-06,
Moraine Lake,Banff,AB,Lake,Summer,High,Y,Low,Y,Y,N/A,N/A,Medium,2-4 Hours,Sunrise,Alberta tourism attraction,Parks Canada,2026-05,
Peyto Lake,Banff,AB,Lake,Summer,Medium,Y,Free,Y,Y,N/A,N/A,Low,1-2 Hours,Morning,Alberta tourism attraction,Travel Alberta,2026-05,
Sulphur Mountain,Banff,AB,Mountain,All Season,Medium,Y,High,Y,Y,N/A,N/A,Medium,3 Hours,Morning,Banff mountain viewpoint,Travel Alberta,2026-06,
Tunnel Mountain,Banff,AB,Hiking,Summer,Medium,Y,Free,Y,Y,N/A,N/A,Low,2-3 Hours,Morning,Alberta tourism attraction,Travel Alberta,2026-05,
Vermilion Lakes,Banff,AB,Lake,Summer,Low,Y,Free,Y,Y,N/A,N/A,Low,1-2 Hours,Sunset,Alberta tourism attraction,Travel Alberta,2026-05,
Bragg Creek Provincial Park,Bragg Creek,AB,Park,Summer,Low,Y,Free,N,Y,N/A,N/A,Medium,2 Hours,Morning,Outdoor recreation area near Bragg Creek,Travel Alberta,2026-06,
Fullerton Loop Trail,Bragg Creek,AB,Hiking,Summer,Low,Y,Free,N,Y,N/A,N/A,Medium,2 Hours,Morning,Scenic hiking trail,Travel Alberta,2026-06,
West Bragg Creek Trails,Bragg Creek,AB,Hiking,Summer,Medium,Y,Free,N,Y,N/A,N/A,Medium,2-3 Hours,Morning,Trail network for hiking and biking,Travel Alberta,2026-06,
Bowness Park,Calgary,AB,Park,All Season,Medium,Y,Free,Y,Y,N/A,N/A,Medium,2-3 Hours,Afternoon,Family park with seasonal activities,Tourism Calgary,2026-06,
Calgary Central Library,Calgary,AB,Landmark,All Season,Medium,Y,Free,Y,Y,N/A,N/A,Low,1-2 Hours,Morning,Architectural landmark and public library,Tourism Calgary,2026-06,
Calgary Stampede Grounds,Calgary,AB,Cultural Site,Summer,High,Y,Medium,Y,Y,N/A,N/A,Low,Half Day,Afternoon,Major event and festival area,Tourism Calgary,2026-06,
Calgary Tower,Calgary,AB,Landmark,All Season,Medium,Y,Medium,Y,Y,N/A,N/A,Low,1 Hour,Afternoon,Alberta tourism attraction,Tourism Calgary,2026-05,
Calgary Zoo,Calgary,AB,Zoo,All Season,High,Y,High,Y,Y,N/A,N/A,Low,3 Hours,Morning,Alberta tourism attraction,Tourism Calgary,2026-05,
Devonian Gardens,Calgary,AB,Garden,All Season,Medium,Y,Free,Y,Y,N/A,N/A,Low,1 Hour,Afternoon,Indoor urban garden,Tourism Calgary,2026-06,
Fish Creek Provincial Park,Calgary,AB,Park,Summer,Medium,Y,Free,Y,Y,N/A,N/A,Low,3 Hours,Afternoon,Large urban park,Tourism Calgary,2026-06,
Glenbow Museum,Calgary,AB,Museum,All Season,Medium,Y,Medium,Y,Y,N/A,N/A,Low,2 Hours,Morning,Calgary museum,Tourism Calgary,2026-06,
Heritage Park,Calgary,AB,Historical Site,Summer,Medium,Y,Medium,Y,Y,N/A,N/A,Low,3 Hours,Morning,Alberta tourism attraction,Tourism Calgary,2026-05,
Inglewood Bird Sanctuary,Calgary,AB,Wildlife,All Season,Low,Y,Free,Y,Y,N/A,N/A,Medium,1-2 Hours,Morning,Nature and bird watching area,Tourism Calgary,2026-06,
Nose Hill Park,Calgary,AB,Park,All Season,Low,Y,Free,Y,Y,N/A,N/A,Medium,2 Hours,Morning,Large natural urban park,Tourism Calgary,2026-06,
Olympic Plaza,Calgary,AB,Park,All Season,Medium,Y,Free,Y,Y,N/A,N/A,Low,1 Hour,Afternoon,Downtown plaza and seasonal skating area,Tourism Calgary,2026-06,
Peace Bridge,Calgary,AB,Landmark,All Season,Medium,Y,Free,Y,Y,N/A,N/A,Low,30 Minutes,Afternoon,Downtown pedestrian bridge and photo spot,Tourism Calgary,2026-06,
Prince's Island Park,Calgary,AB,Park,Summer,Medium,Y,Free,Y,Y,N/A,N/A,Low,2 Hours,Afternoon,Alberta tourism attraction,Tourism Calgary,2026-05,
Reader Rock Garden,Calgary,AB,Garden,Summer,Low,Y,Free,Y,Y,N/A,N/A,Low,1 Hour,Morning,Historic garden and quiet green space,Tourism Calgary,2026-06,
Stephen Avenue Walk,Calgary,AB,Shopping,All Season,Medium,Y,Free,Y,Y,N/A,N/A,Low,1-2 Hours,Afternoon,Downtown shopping and dining street,Tourism Calgary,2026-06,
Studio Bell,Calgary,AB,Museum,All Season,Medium,Y,Medium,Y,Y,N/A,N/A,Low,2 Hours,Morning,National music centre,Tourism Calgary,2026-06,
TELUS Spark,Calgary,AB,Science Centre,All Season,Medium,Y,Medium,Y,Y,N/A,N/A,Low,3 Hours,Morning,Interactive science exhibits,Tourism Calgary,2026-06,
WinSport Canada Olympic Park,Calgary,AB,Recreation,All Season,High,Y,High,Y,Y,N/A,N/A,Medium,Half Day,Morning,Sports and recreation facility,Tourism Calgary,2026-06,
Canmore Cave Tours,Canmore,AB,Adventure,All Season,Medium,N,High,N,Y,N/A,N/A,Low,4 Hours,Morning,Guided cave adventure experience,Travel Alberta,2026-06,
Canmore Nordic Centre,Canmore,AB,Sport Centre,All Season,Medium,Y,Medium,Y,Y,N/A,N/A,Low,3 Hours,Morning,Outdoor recreation centre,Travel Alberta,2026-06,
Cougar Creek Trail,Canmore,AB,Hiking,Summer,Low,Y,Free,Y,Y,N/A,N/A,Medium,1-2 Hours,Morning,Local Canmore walking and hiking area,Travel Alberta,2026-06,
Engine Bridge,Canmore,AB,Historical Site,All Season,Low,Y,Free,Y,Y,N/A,N/A,Low,30 Minutes,Afternoon,Historic railway bridge viewpoint,Travel Alberta,2026-06,
Grassi Lakes,Canmore,AB,Hiking,Summer,Medium,Y,Free,N,Y,N/A,N/A,Low,2 Hours,Morning,Alberta tourism attraction,Travel Alberta,2026-05,
Grotto Canyon,Canmore,AB,Hiking,Summer,Medium,Y,Free,N,Y,N/A,N/A,Medium,2-3 Hours,Morning,Canyon hiking trail near Canmore,Travel Alberta,2026-06,
Ha Ling Peak,Canmore,AB,Hiking,Summer,High,N,Free,N,Y,N/A,N/A,High,4-6 Hours,Early Morning,Challenging and popular mountain hike,Travel Alberta,2026-06,
Policeman Creek ,Canmore,AB,Park,Summer,Low,Y,Free,Y,Y,N/A,N/A,Low,1-2 Hours,Afternoon,Canmore creek area,Travel Alberta,2026-06,
Quarry Lake,Canmore,AB,Lake,Summer,Low,Y,Free,Y,Y,N/A,N/A,Low,2 Hours,Afternoon,Alberta tourism attraction,Travel Alberta,2026-05,
Quarry Lake Loop,Canmore,AB,Hiking,Summer,Low,Y,Free,Y,Y,N/A,N/A,Low,1 Hour,Morning,Easy walking route near Quarry Lake,Travel Alberta,2026-06,
Spray Lakes Reservoir,Canmore,AB,Lake,Summer,Low,Y,Free,N,Y,N/A,N/A,Medium,2-3 Hours,Afternoon,Scenic reservoir near Canmore,Travel Alberta,2026-06,
Three Sisters Viewpoint,Canmore,AB,Scenic View,All Season,Medium,Y,Free,Y,Y,N/A,N/A,Low,30 Minutes,Sunset,Mountain viewpoint and photography spot,Travel Alberta,2026-06,
Big Hill Springs Provincial Park,Cochrane,AB,Park,Summer,Medium,Y,Free,N,Y,N/A,N/A,Medium,1-2 Hours,Morning,Small park with waterfalls and trails,Travel Alberta,2026-06,
Cochrane Ranche Historic Site,Cochrane,AB,Historical Site,All Season,Low,Y,Free,Y,Y,N/A,N/A,Low,1-2 Hours,Afternoon,Historic park and walking area,Travel Alberta,2026-06,
Yamnuska Wolfdog Sanctuary,Cochrane,AB,Wildlife,All Season,Medium,Y,Medium,N,Y,N/A,N/A,Low,1-2 Hours,Morning,Wildlife education sanctuary,Travel Alberta,2026-06,
Bellevue Underground Mine,Crowsnest Pass,AB,Historical Site,Summer,Medium,Y,Medium,N,Y,N/A,N/A,Low,2 Hours,Morning,Historic underground mine tour,Travel Alberta,2026-06,
Frank Slide Interpretive Centre,Crowsnest Pass,AB,Historical Site,All Season,Medium,Y,Medium,N,Y,N/A,N/A,Low,2 Hours,Morning,Historic landslide interpretive centre,Travel Alberta,2026-06,
Lundbreck Falls,Crowsnest Pass,AB,Waterfall,Summer,Low,Y,Free,N,Y,N/A,N/A,Medium,1 Hour,Morning,Scenic waterfall viewpoint,Travel Alberta,2026-06,
Atlas Coal Mine,Drumheller,AB,Historical Site,Summer,Medium,Y,Medium,N,Y,N/A,N/A,Medium,2-3 Hours,Morning,Historic coal mine site,Travel Alberta,2026-06,
Dinosaur Provincial Park,Drumheller,AB,National Park,Summer,Medium,Y,Low,N,Y,N/A,N/A,High,Full Day,Morning,Fossil-rich badlands park region,Travel Alberta,2026-06,
Dinosaur Trail,Drumheller,AB,Scenic Drive,Summer,Medium,Y,Free,N,Y,N/A,N/A,Medium,2-3 Hours,Morning,Scenic route through badlands,Travel Alberta,2026-06,
Fossil World Discovery Centre,Drumheller,AB,Museum,All Season,Medium,Y,Medium,Y,Y,N/A,N/A,Low,2 Hours,Morning,Family-friendly fossil museum,Travel Alberta,2026-06,
Hoodoos Trail,Drumheller,AB,Hiking,Summer,Medium,Y,Free,N,Y,N/A,N/A,Medium,1-2 Hours,Morning,Drumheller hoodoo trail,Travel Alberta,2026-06,
Horseshoe Canyon,Drumheller,AB,Scenic View,Summer,Low,Y,Free,N,Y,N/A,N/A,Medium,1-2 Hours,Morning,Badlands viewpoint,Travel Alberta,2026-06,
Midland Provincial Park,Drumheller,AB,Park,Summer,Low,Y,Free,N,Y,N/A,N/A,Medium,2 Hours,Morning,Badlands park near Drumheller,Travel Alberta,2026-06,
Orkney Viewpoint,Drumheller,AB,Scenic View,Summer,Low,Y,Free,N,Y,N/A,N/A,Medium,30 Minutes,Sunset,Badlands scenic viewpoint,Travel Alberta,2026-06,
Royal Tyrrell Museum,Drumheller,AB,Museum,All Season,Medium,Y,Medium,N,Y,N/A,N/A,Low,3 Hours,Morning,Alberta tourism attraction,Travel Alberta,2026-05,
Star Mine Suspension Bridge,Drumheller,AB,Historical Site,Summer,Medium,Y,Free,N,Y,N/A,N/A,Medium,1 Hour,Morning,Historic pedestrian suspension bridge,Travel Alberta,2026-06,
World's Largest Dinosaur,Drumheller,AB,Landmark,All Season,High,Y,Low,Y,Y,N/A,N/A,Low,1 Hour,Afternoon,Iconic roadside dinosaur attraction,Travel Alberta,2026-06,
Alberta Legislature,Edmonton,AB,Historical Site,All Season,Medium,Y,Free,Y,Y,N/A,N/A,Low,1 Hour,Morning,Provincial government building,Tourism Edmonton,2026-06,
Art Gallery of Alberta,Edmonton,AB,Museum,All Season,Medium,Y,Medium,Y,Y,N/A,N/A,Low,2 Hours,Morning,Art museum in downtown Edmonton,Tourism Edmonton,2026-06,
Edmonton River Valley,Edmonton,AB,Park,All Season,Medium,Y,Free,Y,Y,N/A,N/A,Medium,2-3 Hours,Morning,Urban park and trail network,Tourism Edmonton,2026-06,
Elk Island Astotin Lake,Edmonton,AB,Lake,Summer,Medium,Y,Low,N,Y,N/A,N/A,Medium,2-3 Hours,Afternoon,Lake area in Elk Island National Park,Parks Canada,2026-06,
Elk Island National Park,Edmonton,AB,National Park,Summer,Medium,Y,Low,N,Y,N/A,N/A,Medium,Half Day,Morning,Alberta tourism attraction,Parks Canada,2026-05,
Fort Edmonton Park,Edmonton,AB,Historical Site,Summer,Medium,Y,Medium,Y,Y,N/A,N/A,Low,3 Hours,Morning,Living history museum,Tourism Edmonton,2026-06,
Hawrelak Park,Edmonton,AB,Park,All Season,Medium,Y,Free,Y,Y,N/A,N/A,Low,2 Hours,Afternoon,Large city park and event space,Tourism Edmonton,2026-06,
Muttart Conservatory,Edmonton,AB,Museum,All Season,Medium,Y,Medium,Y,Y,N/A,N/A,Low,2 Hours,Morning,Alberta tourism attraction,Tourism Edmonton,2026-05,
Muttart Pyramids Grounds,Edmonton,AB,Garden,All Season,Low,Y,Free,Y,Y,N/A,N/A,Low,1 Hour,Afternoon,Outdoor grounds near Muttart Conservatory,Tourism Edmonton,2026-06,
Rogers Place,Edmonton,AB,Landmark,All Season,High,Y,High,Y,Y,N/A,N/A,Low,2-3 Hours,Evening,Arena and entertainment venue,Tourism Edmonton,2026-06,
Royal Alberta Museum,Edmonton,AB,Museum,All Season,Medium,Y,Medium,Y,Y,N/A,N/A,Low,2-3 Hours,Morning,Provincial history and culture museum,Tourism Edmonton,2026-06,
Snow Valley Ski Club,Edmonton,AB,Ski Resort,Winter,Medium,Y,Medium,Y,Y,N/A,N/A,High,Half Day,Morning,Urban winter ski area,Tourism Edmonton,2026-06,
TELUS World of Science,Edmonton,AB,Science Centre,All Season,Medium,Y,Medium,Y,Y,N/A,N/A,Low,3 Hours,Morning,Science museum,Tourism Edmonton,2026-06,
Ukrainian Cultural Heritage Village,Edmonton,AB,Historical Site,Summer,Medium,Y,Medium,N,Y,N/A,N/A,Low,3 Hours,Morning,Open-air cultural heritage museum,Travel Alberta,2026-06,
Victoria Promenade,Edmonton,AB,Scenic View,All Season,Low,Y,Free,Y,Y,N/A,N/A,Low,1 Hour,Evening,River valley viewpoint and walking area,Tourism Edmonton,2026-06,
West Edmonton Mall,Edmonton,AB,Shopping,All Season,High,Y,High,Y,Y,N/A,N/A,Low,Half Day,Afternoon,Alberta tourism attraction,Tourism Edmonton,2026-05,
William Hawrelak Park,Edmonton,AB,Park,All Season,Medium,Y,Free,Y,Y,N/A,N/A,Low,2 Hours,Afternoon,Popular Edmonton park,Tourism Edmonton,2026-06,
Head-Smashed-In Buffalo Jump,Fort Macleod,AB,Historical Site,All Season,Low,Y,Medium,N,Y,N/A,N/A,Low,2 Hours,Morning,Alberta tourism attraction,Travel Alberta,2026-05,
MacDonald Island Park,Fort McMurray,AB,Recreation,All Season,Medium,Y,Medium,Y,Y,N/A,N/A,Low,2-3 Hours,Afternoon,Community recreation and activity centre,Travel Alberta,2026-06,
Oil Sands Discovery Centre,Fort McMurray,AB,Museum,All Season,Low,Y,Medium,Y,Y,N/A,N/A,Low,2 Hours,Morning,Educational museum about oil sands,Travel Alberta,2026-06,
Fort Saskatchewan Historic Area,Fort Saskatchewan,AB,Historical Site,Summer,Low,Y,Free,N,Y,N/A,N/A,Low,1-2 Hours,Morning,Historic area near Edmonton region,Travel Alberta,2026-06,
Muskoseepi Park,Grande Prairie,AB,Park,Summer,Low,Y,Free,Y,Y,N/A,N/A,Low,2 Hours,Afternoon,Urban park and trail area,Travel Alberta,2026-06,
Philip J. Currie Dinosaur Museum,Grande Prairie,AB,Museum,All Season,Medium,Y,Medium,N,Y,N/A,N/A,Low,2 Hours,Morning,Dinosaur museum and exhibits,Travel Alberta,2026-06,
Annette Lake,Jasper,AB,Lake,Summer,Medium,Y,Free,N,Y,N/A,N/A,Low,2 Hours,Afternoon,Popular swimming and picnic lake,Travel Alberta,2026-06,
Athabasca Falls,Jasper,AB,Waterfall,Summer,Medium,Y,Free,Y,Y,N/A,N/A,Low,1 Hour,Morning,Alberta tourism attraction,Parks Canada,2026-05,
Athabasca Glacier,Jasper,AB,Natural Wonder,Summer,High,Y,Medium,N,Y,N/A,N/A,High,2-3 Hours,Morning,Glacier experience near Columbia Icefield,Parks Canada,2026-06,
Beauvert Lake,Jasper,AB,Lake,Summer,Low,Y,Free,N,Y,N/A,N/A,Low,1-2 Hours,Afternoon,Scenic lake near Jasper Park Lodge,Travel Alberta,2026-06,
Cavell Meadows,Jasper,AB,Hiking,Summer,Medium,N,Free,N,Y,N/A,N/A,High,4-5 Hours,Morning,Alpine hiking area near Mount Edith Cavell,Parks Canada,2026-06,
Columbia Icefield,Jasper,AB,Natural Wonder,Summer,High,Y,Medium,N,Y,N/A,N/A,High,3 Hours,Morning,Major glacier and icefield visitor area,Parks Canada,2026-06,
Edith Lake,Jasper,AB,Lake,Summer,Low,Y,Free,N,Y,N/A,N/A,Low,1-2 Hours,Afternoon,Family-friendly lake near Jasper,Travel Alberta,2026-06,
Jasper Discovery Trail,Jasper,AB,Hiking,Summer,Low,Y,Free,Y,Y,N/A,N/A,Low,2 Hours,Morning,Easy trail around Jasper townsite,Parks Canada,2026-06,
Jasper SkyTram,Jasper,AB,Landmark,Summer,High,Y,High,Y,Y,N/A,N/A,Medium,2 Hours,Morning,Mountain tram experience,Travel Alberta,2026-06,
Maligne Canyon,Jasper,AB,Hiking,All Season,High,Y,Free,Y,Y,N/A,N/A,Medium,2-3 Hours,Morning,Popular canyon trail and winter icewalk area,Parks Canada,2026-06,
Maligne Lake,Jasper,AB,Lake,Summer,High,Y,Medium,Y,Y,N/A,N/A,Medium,3-4 Hours,Morning,Alberta tourism attraction,Parks Canada,2026-05,
Medicine Lake,Jasper,AB,Lake,Summer,Low,Y,Free,N,Y,N/A,N/A,Medium,1-2 Hours,Morning,Scenic Jasper lake,Parks Canada,2026-06,
Mount Edith Cavell,Jasper,AB,Mountain,Summer,High,Y,Free,N,Y,N/A,N/A,High,2-4 Hours,Morning,Mountain viewpoint and glacier area,Parks Canada,2026-06,
Old Fort Point,Jasper,AB,Hiking,Summer,Medium,Y,Free,N,Y,N/A,N/A,Medium,2 Hours,Morning,Short hike with Jasper views,Travel Alberta,2026-06,
Patricia Lake,Jasper,AB,Lake,Summer,Low,Y,Free,N,Y,N/A,N/A,Low,2 Hours,Evening,Quiet Jasper lake,Travel Alberta,2026-06,
Pyramid Lake,Jasper,AB,Lake,Summer,Low,Y,Free,N,Y,N/A,N/A,Low,2 Hours,Evening,Alberta tourism attraction,Travel Alberta,2026-05,
Pyramid Mountain Trail,Jasper,AB,Hiking,Summer,Medium,N,Free,N,Y,N/A,N/A,High,4-6 Hours,Early Morning,Challenging mountain trail for experienced hikers,Travel Alberta,2026-06,
Spirit Island,Jasper,AB,Scenic View,Summer,Medium,Y,Medium,N,N,N/A,N/A,Low,2 Hours,Morning,Alberta tourism attraction,Parks Canada,2026-05,
Sunwapta Falls,Jasper,AB,Waterfall,Summer,Low,Y,Free,N,Y,N/A,N/A,Low,1 Hours,Morning,Alberta tourism attraction,Parks Canada,2026-05,
Valley of the Five Lakes,Jasper,AB,Hiking,Summer,Medium,Y,Free,N,Y,N/A,N/A,Medium,2-3 Hours,Morning,Popular scenic hiking trail,Parks Canada,2026-06,
Barrier Lake,Kananaskis,AB,Lake,Summer,Medium,Y,Free,N,Y,N/A,N/A,Medium,2 Hours,Morning,Popular lake and viewpoint,Travel Alberta,2026-06,
Elbow Falls,Kananaskis,AB,Waterfall,Summer,Medium,Y,Free,N,Y,N/A,N/A,Medium,1 Hour,Morning,Scenic waterfall stop,Travel Alberta,2026-06,
Highwood Pass,Kananaskis,AB,Scenic Drive,Summer,Medium,Y,Free,N,Y,N/A,N/A,High,2 Hours,Morning,High mountain scenic drive,Travel Alberta,2026-06,
Lower Kananaskis Lake,Kananaskis,AB,Lake,Summer,Medium,Y,Free,N,Y,N/A,N/A,Medium,2-3 Hours,Morning,Scenic lake in Kananaskis,Travel Alberta,2026-06,
Ptarmigan Cirque,Kananaskis,AB,Hiking,Summer,Low,Y,Free,N,Y,N/A,N/A,High,2-3 Hours,Morning,Alpine hiking trail,Travel Alberta,2026-06,
Rawson Lake Trail,Kananaskis,AB,Hiking,Summer,Medium,Y,Free,N,Y,N/A,N/A,High,3-4 Hours,Morning,Mountain lake hiking trail,Travel Alberta,2026-06,
Troll Falls,Kananaskis,AB,Waterfall,Summer,Medium,Y,Free,N,Y,N/A,N/A,Medium,1-2 Hours,Morning,Family-friendly waterfall trail,Travel Alberta,2026-06,
Upper Kananaskis Lake,Kananaskis,AB,Lake,Summer,Medium,Y,Free,N,Y,N/A,N/A,Medium,2-3 Hours,Morning,Scenic mountain lake,Travel Alberta,2026-06,
Lake Louise,Lake Louise,AB,Lake,Summer,High,Y,Low,Y,Y,N/A,N/A,Medium,2-4 Hours,Early Morning,Alberta tourism attraction,Parks Canada,2026-05,
Fort Whoop-Up,Lethbridge,AB,Historical Site,Summer,Medium,Y,Medium,Y,Y,N/A,N/A,Low,2 Hours,Morning,Historical fort and interpretive centre,Travel Alberta,2026-06,
Henderson Lake Park,Lethbridge,AB,Park,Summer,Low,Y,Free,Y,Y,N/A,N/A,Low,2 Hours,Afternoon,Urban lake and park area,Travel Alberta,2026-06,
Nikka Yuko Japanese Garden,Lethbridge,AB,Garden,Summer,Medium,Y,Medium,Y,Y,N/A,N/A,Low,1-2 Hours,Morning,Japanese garden attraction,Travel Alberta,2026-06,
Echo Dale Regional Park,Medicine Hat,AB,Park,Summer,Low,Y,Free,N,Y,N/A,N/A,Medium,2-3 Hours,Afternoon,Regional park and outdoor recreation area,Travel Alberta,2026-06,
Medalta Museum,Medicine Hat,AB,Museum,All Season,Low,Y,Medium,Y,Y,N/A,N/A,Low,2 Hours,Morning,Historic clay district museum,Travel Alberta,2026-06,
Saamis Tepee,Medicine Hat,AB,Landmark,All Season,Low,Y,Free,Y,Y,N/A,N/A,Low,1 Hour,Afternoon,Large landmark and viewpoint,Travel Alberta,2026-06,
Bower Ponds,Red Deer,AB,Park,Summer,Medium,Y,Free,Y,Y,N/A,N/A,Low,2 Hours,Afternoon,Popular park and pond area,Travel Alberta,2026-06,
Heritage Ranch,Red Deer,AB,Recreation,All Season,Medium,Y,Medium,Y,Y,N/A,N/A,Low,2 Hours,Afternoon,Outdoor recreation and dining area,Travel Alberta,2026-06,
Kerry Wood Nature Centre,Red Deer,AB,Wildlife,All Season,Low,Y,Low,Y,Y,N/A,N/A,Low,1-2 Hours,Morning,Nature centre and trails,Travel Alberta,2026-06,
Lakeshore Drive,Sylvan Lake,AB,Scenic View,Summer,Medium,Y,Free,Y,Y,N/A,N/A,Low,1-2 Hours,Evening,Waterfront walking and dining area,Travel Alberta,2026-06,
Sylvan Lake Aqua Splash,Sylvan Lake,AB,Water Park,Summer,High,Y,High,Y,Y,N/A,N/A,High,2 Hours,Afternoon,Seasonal inflatable water park,Travel Alberta,2026-06,
Sylvan Lake Beach,Sylvan Lake,AB,Beach,Summer,High,Y,Free,Y,Y,N/A,N/A,High,3 Hours,Afternoon,Popular summer beach destination,Travel Alberta,2026-06,
Bear's Hump Trail,Waterton,AB,Hiking,Summer,Medium,Y,Free,N,Y,N/A,N/A,High,1-2 Hours,Morning,Short but steep viewpoint hike,Parks Canada,2026-06,
Cameron Falls,Waterton,AB,Waterfall,Summer,Medium,Y,Free,Y,Y,N/A,N/A,Medium,1 Hour,Morning,Accessible waterfall viewpoint,Parks Canada,2026-06,
Crypt Lake Trail,Waterton,AB,Hiking,Summer,Medium,N,Medium,N,Y,N/A,N/A,High,Full Day,Early Morning,Challenging full-day hike,Parks Canada,2026-06,
Prince of Wales Hotel,Waterton,AB,Landmark,Summer,High,Y,Medium,Y,Y,N/A,N/A,Medium,1-2 Hours,Afternoon,Historic hotel and viewpoint,Travel Alberta,2026-06,
Red Rock Canyon,Waterton,AB,Scenic View,Summer,Medium,Y,Free,N,Y,N/A,N/A,Medium,1-2 Hours,Morning,Scenic canyon in Waterton,Parks Canada,2026-06,
Waterton Lakes,Waterton,AB,National Park,Summer,Medium,Y,Low,N,Y,N/A,N/A,Medium,Full Day,Morning,Alberta tourism attraction,Parks Canada,2026-05,
